{"timestamps": [1509415857.505555, 1509415858.00539, 1509415858.125669, 1509415858.180901, 1509415858.22988, 1509415858.278532, 1509415858.323936, 1509415858.37006, 1509415858.672883, 1509415858.759843, 1509415858.816235, 1509415858.880588, 1509415858.914654, 1509415858.946979, 1509415858.97397, 1509415859.014037, 1509415859.065479, 1509415859.103378, 1509415859.142679, 1509415859.179187, 1509415859.213345, 1509415859.264231, 1509415859.289286, 1509415859.327646, 1509415859.386376, 1509415859.427141, 1509415859.474111, 1509415860.006943, 1509415860.123728, 1509415860.214177, 1509415860.247782, 1509415860.273364, 1509415860.391153, 1509415860.431908, 1509415860.472015, 1509415860.510263, 1509415860.550521, 1509415860.577861, 1509415860.661371, 1509415860.745066, 1509415860.780449, 1509415860.838228, 1509415860.866115, 1509415860.906617, 1509415860.98215, 1509415861.036018, 1509415861.065868, 1509415861.095403, 1509415861.134376, 1509415861.174898, 1509415861.220255, 1509415861.250703, 1509415861.290971, 1509415861.323892, 1509415861.370258, 1509415861.406985, 1509415861.43932, 1509415861.516009, 1509415861.545837, 1509415861.591256, 1509415861.620153, 1509415861.668795, 1509415861.706495, 1509415861.739362, 1509415862.908602, 1509415863.019693, 1509415863.061922, 1509415863.091293, 1509415863.141274, 1509415863.18163, 1509415863.213234, 1509415863.24009, 1509415863.326495, 1509415863.421963, 1509415863.44806, 1509415863.495157, 1509415863.5545, 1509415863.589774, 1509415863.641624, 1509415863.668172, 1509415863.72289, 1509415863.772367, 1509415863.794745, 1509415863.837444, 1509415863.890776, 1509415863.925672, 1509415863.982959, 1509415864.005748, 1509415864.034037, 1509415864.064744, 1509415864.13509, 1509415864.169157, 1509415864.221801, 1509415864.275052, 1509415864.324433, 1509415864.374013, 1509415864.4058, 1509415864.485973, 1509415864.516485, 1509415864.550925], "initial_reset_timestamp": 1509415855.901879, "episode_types": ["t", "t", "t", "t", "t", "t", "t", "t", "t", "t", "t", "t", "t", "t", "t", "t", "t", "t", "t", "t", "t", "t", "t", "t", "t", "t", "t", "t", "t", "t", "t", "t", "t", "t", "t", "t", "t", "t", "t", "t", "t", "t", "t", "t", "t", "t", "t", "t", "t", "t", "t", "t", "t", "t", "t", "t", "t", "t", "t", "t", "t", "t", "t", "t", "t", "t", "t", "t", "t", "t", "t", "t", "t", "t", "t", "t", "t", "t", "t", "t", "t", "t", "t", "t", "t", "t", "t", "t", "t", "t", "t", "t", "t", "t", "t", "t", "t", "t", "t", "t"], "episode_lengths": [21, 23, 29, 43, 29, 29, 30, 38, 16, 20, 40, 42, 19, 23, 20, 27, 31, 26, 29, 26, 25, 35, 19, 29, 43, 30, 34, 29, 21, 66, 24, 17, 85, 34, 28, 29, 29, 21, 58, 65, 32, 38, 20, 30, 53, 39, 20, 20, 28, 27, 30, 26, 27, 29, 32, 32, 23, 50, 26, 29, 24, 35, 31, 20, 68, 29, 34, 20, 26, 27, 22, 19, 67, 71, 22, 35, 32, 20, 34, 24, 39, 40, 18, 27, 39, 26, 42, 21, 23, 20, 51, 29, 36, 35, 40, 34, 20, 61, 27, 26], "episode_rewards": [21.0, 23.0, 29.0, 43.0, 29.0, 29.0, 30.0, 38.0, 16.0, 20.0, 40.0, 42.0, 19.0, 23.0, 20.0, 27.0, 31.0, 26.0, 29.0, 26.0, 25.0, 35.0, 19.0, 29.0, 43.0, 30.0, 34.0, 29.0, 21.0, 66.0, 24.0, 17.0, 85.0, 34.0, 28.0, 29.0, 29.0, 21.0, 58.0, 65.0, 32.0, 38.0, 20.0, 30.0, 53.0, 39.0, 20.0, 20.0, 28.0, 27.0, 30.0, 26.0, 27.0, 29.0, 32.0, 32.0, 23.0, 50.0, 26.0, 29.0, 24.0, 35.0, 31.0, 20.0, 68.0, 29.0, 34.0, 20.0, 26.0, 27.0, 22.0, 19.0, 67.0, 71.0, 22.0, 35.0, 32.0, 20.0, 34.0, 24.0, 39.0, 40.0, 18.0, 27.0, 39.0, 26.0, 42.0, 21.0, 23.0, 20.0, 51.0, 29.0, 36.0, 35.0, 40.0, 34.0, 20.0, 61.0, 27.0, 26.0]}